{"count":1,"self":10402.9544448,"total":12588.2822719,"children":{"InitializeActuators":{"count":30,"self":0.0019207999999999999,"total":0.0019207999999999999,"children":null},"InitializeSensors":{"count":30,"self":0.0020017999999999998,"total":0.0020017999999999998,"children":null},"AgentSendState":{"count":389026,"self":13.7725744,"total":60.430822199999994,"children":{"CollectObservations":{"count":2334180,"self":14.443432,"total":14.4434322,"children":null},"WriteActionMask":{"count":2334180,"self":2.5137836,"total":2.5137837,"children":null},"RequestDecision":{"count":2334180,"self":9.2468576,"total":29.7010321,"children":{"AgentInfo.ToProto":{"count":2334180,"self":8.4420368,"total":20.454174599999998,"children":{"GenerateSensorData":{"count":2334180,"self":12.012137599999999,"total":12.0121378,"children":null}}}}}}},"DecideAction":{"count":389026,"self":2112.8097792,"total":2112.809804,"children":null},"AgentAct":{"count":389026,"self":12.0339,"total":12.0819797,"children":{"AgentInfo.ToProto":{"count":5820,"self":0.0197231,"total":0.048079699999999996,"children":{"GenerateSensorData":{"count":5820,"self":0.0283566,"total":0.0283566,"children":null}}}}}},"gauges":{"MLRacket.CumulativeReward":{"count":5820,"max":3,"min":0,"runningAverage":0.813643754,"value":2,"weightedAverage":1.27725732}},"metadata":{"timer_format_version":"0.1.0","start_time_seconds":"1654758564","unity_version":"2021.3.3f1","command_line_arguments":"C:\\Program Files\\Unity\\Hub\\Editor\\2021.3.3f1\\Editor\\Unity.exe -projectpath C:\\Data\\UnityProjects\\MLPong -useHub -hubIPC -cloudEnvironment production -licensingIpc LicenseClient-magnu -hubSessionId e0283030-e7c0-11ec-8155-fd568379ab79 -accessToken 3Chfs7jwWWZ9Jum4AhUVVnXkWVL1u4uSg4_6v1m-pOw005f","communication_protocol_version":"1.5.0","com.unity.ml-agents_version":"2.2.1-exp.1","scene_name":"AITraining","end_time_seconds":"1654771152"}}