{"count":1,"self":21898.2219776,"total":24541.4789387,"children":{"InitializeActuators":{"count":30,"self":0.0040789,"total":0.0040789,"children":null},"InitializeSensors":{"count":30,"self":0.0030426999999999997,"total":0.0030426999999999997,"children":null},"AgentSendState":{"count":434104,"self":16.3960656,"total":72.314437099999992,"children":{"CollectObservations":{"count":2604630,"self":18.412387199999998,"total":18.412386899999998,"children":null},"WriteActionMask":{"count":2604630,"self":3.2096397999999997,"total":3.2096397999999997,"children":null},"RequestDecision":{"count":2604630,"self":10.876016,"total":34.2963442,"children":{"AgentInfo.ToProto":{"count":2604630,"self":9.8439439999999987,"total":23.4203279,"children":{"GenerateSensorData":{"count":2604630,"self":13.576384,"total":13.5763837,"children":null}}}}}}},"DecideAction":{"count":434104,"self":2556.8428031999997,"total":2556.8427164,"children":null},"AgentAct":{"count":434104,"self":14.0297776,"total":14.091025,"children":{"AgentInfo.ToProto":{"count":6510,"self":0.028238299999999997,"total":0.0612468,"children":{"GenerateSensorData":{"count":6510,"self":0.033008499999999996,"total":0.033008499999999996,"children":null}}}}}},"gauges":{"MLRacket.CumulativeReward":{"count":6510,"max":3.39999986,"min":0,"runningAverage":0.7666651,"value":2.5,"weightedAverage":1.7480607}},"metadata":{"timer_format_version":"0.1.0","start_time_seconds":"1654772848","unity_version":"2021.3.3f1","command_line_arguments":"C:\\Program Files\\Unity\\Hub\\Editor\\2021.3.3f1\\Editor\\Unity.exe -projectpath C:\\Data\\UnityProjects\\MLPong -useHub -hubIPC -cloudEnvironment production -licensingIpc LicenseClient-magnu -hubSessionId e0283030-e7c0-11ec-8155-fd568379ab79 -accessToken 3Chfs7jwWWZ9Jum4AhUVVnXkWVL1u4uSg4_6v1m-pOw005f","communication_protocol_version":"1.5.0","com.unity.ml-agents_version":"2.2.1-exp.1","scene_name":"AITraining","end_time_seconds":"1654797389"}}